TRAFFIC SIGNAL INVENTORY NO,OWNER,PRIMARY STREET NAME,SECONDARY STREET NAME,LATITUDE,LONGITUDE,GeoLocation
C-193,CITY,CORPORATE BLVD,CITIPLACE CT,30.42509,-91.12998,"(30.42509, -91.12998)"
C-196,CITY,PICARDY AVE,DIJON DR,30.40105,-91.11296,"(30.40105, -91.11296)"
C-197,CITY,MAIN ST,SACRED HEART,30.45208,-91.16543,"(30.45208, -91.16543)"
C-198,CITY,HARRELL'S FERRY RD,MILLERVILLE RD,30.42992,-91.02448,"(30.42992, -91.02448)"
C-199,CITY,SOUTH BLVD,EAST BLVD,30.43973,-91.1802,"(30.43973, -91.1802)"
C-200,CITY,PICARDY AVE,SUMMA AVE,30.3924,-91.09304,"(30.3924, -91.09304)"
C-201,CITY,N MALL DR,COURTYARD MARRIOT,30.37929,-91.06552,"(30.37929, -91.06552)"
C-202,CITY,CHOCTAW DR,OAK VILLA BLVD,30.47158,-91.08908,"(30.47158, -91.08908)"
C-203,CITY,TOM  DR,AIRWAY DR,30.46813,-91.09872,"(30.46813, -91.09872)"
C-204,CITY,HARRELL'S FERRY RD,JONES CREEK RD,30.42678,-91.01433,"(30.42678, -91.01433)"
C-205,CITY,JOOR RD,DENHAM RD,30.58224,-91.04615,"(30.58224, -91.04615)"
C-207,CITY,JONES CREEK RD,FERRELL AVE,30.40267,-91.01673,"(30.40267, -91.01673)"
C-208,CITY,STANFORD AVE,W LAKESHORE DR / LSU AVE,30.40669,-91.16499,"(30.40669, -91.16499)"
C-209,CITY,LEE DR,BOONE DR,30.39832,-91.15565,"(30.39832, -91.15565)"
C-210,CITY,MILLERVILLE RD,AVALON AVE,30.44675,-91.02448,"(30.44675, -91.02448)"
C-211,CITY,FOSTER DR,GREENWELL SPRINGS RD / GUS YOUNG AVE,30.46229,-91.13953,"(30.46229, -91.13953)"
C-212,CITY,FOSTER DR,NORTH ST,30.45394,-91.13913,"(30.45394, -91.13913)"
C-213,CITY,FOSTER DR,NORTH BLVD,30.4487,-91.13888,"(30.4487, -91.13888)"
C-214,CITY,GREENWELL SPRINGS RD,ARDENWOOD AVE,30.46752,-91.13019,"(30.46752, -91.13019)"
C-215,CITY,GREENWELL SPRINGS RD,CHOCTAW DR,30.47105,-91.12393,"(30.47105, -91.12393)"
C-216,CITY,GREENWELL SPRINGS RD,LOBDELL BLVD,30.47159,-91.12303,"(30.47159, -91.12303)"
C-217,CITY,GREENWELL SPRINGS RD,VICTORIA DR,30.47468,-91.11736,"(30.47468, -91.11736)"
C-218,CITY,SULLIVAN RD,WALMART,30.54098,-91.02813,"(30.54098, -91.02813)"
C-219,CITY,BLUEBONNET BLVD,OLIPHANT RD,30.40478,-91.08144,"(30.40478, -91.08144)"
C-222,CITY,MILLERVILLE RD,WELDWOOD DR,30.43536,-91.02436,"(30.43536, -91.02436)"
C-224,CITY,GROOM RD,WALMART,30.58105,-91.12858,"(30.58105, -91.12858)"
C-225,CITY,OAK VILLA BLVD,CROSSWAY AVE,30.46026,-91.08866,"(30.46026, -91.08866)"
C-229,CITY,COURSEY BLVD,MARKET ST,30.40824,-91.01924,"(30.40824, -91.01924)"
C-230,CITY,RIVER RD,RIVER CENTER CRSWLK,30.44455,-91.19,"(30.44455, -91.19)"
C-231,CITY,CORPORATE BLVD,TOWNE CENTER BLVD,30.43063,-91.1135,"(30.43063, -91.1135)"
C-233,CITY,GREENWELL SPRINGS RD,PAULSON ST,30.46524,-91.13431,"(30.46524, -91.13431)"
C-234,CITY,COLLEGE DR,BANKERS AVE / BAWELL ST,30.42689,-91.13712,"(30.42689, -91.13712)"
C-236,CITY,GOVERNMENT ST,SAINT JAMES ST,30.44324,-91.18946,"(30.44324, -91.18946)"
C-237,CITY,COURSEY BLVD,ROYAL ASCOT AVE / SOUTHPARK DR,30.41482,-91.0579,"(30.41482, -91.0579)"
C-238,CITY,BLUEBONNET BLVD,CELTIC DR,30.41542,-91.07327,"(30.41542, -91.07327)"
C-239,CITY,GREENWELL SPRINGS RD,CAPITOL MIDDLE,30.46268,-91.13866,"(30.46268, -91.13866)"
C-240,CITY,BLOUNT RD,VETERANS MEMORIAL BLVD,30.54494,-91.16611,"(30.54494, -91.16611)"
C-241,CITY,MALL OF LOUISIANA BLVD,MALL DRIVE 1,30.38773,-91.08344,"(30.38773, -91.08344)"
C-242,CITY,MALL OF LOUISIANA BLVD,AMC THEATER,30.38619,-91.08696,"(30.38619, -91.08696)"
C-244,CITY,COURSEY BLVD,LAKE SHERWOOD AVE E,30.41092,-91.04145,"(30.41092, -91.04145)"
C-245,CITY,PICARDY AVE,MEDICAL CENTER DR,30.39204,-91.09583,"(30.39204, -91.09583)"
C-246,CITY,BRIGHTSIDE DR,ALVIN DARK AVE,30.38825,-91.18206,"(30.38825, -91.18206)"
C-248,CITY,CHOCTAW DR,CENTRAL THWY,30.47072,-91.01079,"(30.47072, -91.01079)"
C-253,CITY,CENTRAL THWY,FRENCHTOWN RD,30.50098,-91.02197,"(30.50098, -91.02197)"
C-254,CITY,MILLERVILLE RD,SPRING RIDGE AVE,30.44169,-91.02436,"(30.44169, -91.02436)"
C-256,CITY,PERKINS RD,ACADIAN VILLAGE,30.42175,-91.15413,"(30.42175, -91.15413)"
S-009,STATE,PLANK RD,GROOM RD,30.58015,-91.12662,"(30.58015, -91.12662)"
S-010,STATE,PLANK RD,LAVEY LN,30.57561,-91.1281,"(30.57561, -91.1281)"
S-022,STATE,GREENWELL SPRINGS RD,WOODDALE BLVD,30.47523,-91.11614,"(30.47523, -91.11614)"
S-023,STATE,GREENWELL SPRINGS RD,JOOR RD / OAK VILLA BLVD,30.48361,-91.08966,"(30.48361, -91.08966)"
S-024,STATE,GREENWELL SPRINGS RD,MONTERREY DR,30.4852,-91.08374,"(30.4852, -91.08374)"
S-025,STATE,OLD HAMMOND HWY,CEDARCREST AVE / SHARP RD,30.43455,-91.06611,"(30.43455, -91.06611)"
S-026,STATE,OLD HAMMOND HWY,SHERWOOD FOREST BLVD,30.43676,-91.05741,"(30.43676, -91.05741)"
S-027,STATE,ACADIAN THWY,I-10,30.42419,-91.15092,"(30.42419, -91.15092)"
S-028,STATE,HOLLYWOOD ST,I-110,30.4995,-91.15937,"(30.4995, -91.15937)"
S-029,STATE,SHERWOOD FOREST BLVD,I-12,30.42928,-91.05633,"(30.42928, -91.05633)"
S-030,STATE,EVANGELINE ST,I-110,30.4922,-91.1631,"(30.4922, -91.1631)"
S-031,STATE,MOHICAN ST,I-110,30.48456,-91.16586,"(30.48456, -91.16586)"
S-032,STATE,CHIPPEWA ST,I-110,30.47313,-91.1674,"(30.47313, -91.1674)"
S-034,STATE,GOVERNMENT ST,I-110,30.44354,-91.17869,"(30.44354, -91.17869)"
S-036,STATE,COLLEGE DR,I-10,30.42431,-91.13858,"(30.42431, -91.13858)"
S-037,STATE,NORTH ST,RIVER RD,30.45244,-91.19041,"(30.45244, -91.19041)"
S-038,STATE,CHOCTAW DR,CHIPPEWA ST / 3RD ST,30.46918,-91.18836,"(30.46918, -91.18836)"
S-039,STATE,CHIPPEWA ST,PHLOX AVE,30.47277,-91.17923,"(30.47277, -91.17923)"
S-041,STATE,SCENIC HWY,WINNEBAGO ST,30.48298,-91.16894,"(30.48298, -91.16894)"
S-042,STATE,SCENIC HWY,EVANGELINE ST,30.49256,-91.16955,"(30.49256, -91.16955)"
S-043,STATE,SCENIC HWY,BEECH ST / REFINERY,30.49466,-91.16965,"(30.49466, -91.16965)"
S-044,STATE,SCENIC HWY,HOLLYWOOD ST,30.49917,-91.16987,"(30.49917, -91.16987)"
S-047,STATE,SCENIC HWY,MASON AVE,30.507,-91.17106,"(30.507, -91.17106)"
S-049,STATE,SCENIC HWY,72ND AVE / MENGEL RD,30.51399,-91.17525,"(30.51399, -91.17525)"
S-050,STATE,AIRLINE HWY,BEECHWOOD DR,30.50918,-91.1444,"(30.50918, -91.1444)"
S-051,STATE,AIRLINE HWY,MC CLELLAND DR,30.50612,-91.13545,"(30.50612, -91.13545)"
S-052,STATE,AIRLINE HWY,GREENWELL ST,30.50227,-91.13123,"(30.50227, -91.13123)"
S-053,STATE,AIRLINE HWY,MERRYDALE AVE,30.49852,-91.12846,"(30.49852, -91.12846)"
S-054,STATE,AIRLINE HWY,EVANGELINE ST,30.49356,-91.12495,"(30.49356, -91.12495)"
S-055,STATE,AIRLINE HWY,WINBOURNE AVE / MARIBEL DR,30.48004,-91.11526,"(30.48004, -91.11526)"
S-060,STATE,GOVERNMENT ST,SAINT PHILLIP ST,30.44328,-91.18851,"(30.44328, -91.18851)"
S-061,STATE,GOVERNMENT ST,SAINT LOUIS ST,30.4433,-91.18749,"(30.4433, -91.18749)"
S-062,STATE,GOVERNMENT ST,SAINT FERDINAND ST,30.44333,-91.18652,"(30.44333, -91.18652)"
S-063,STATE,GOVERNMENT ST,SAINT CHARLES ST,30.44336,-91.18533,"(30.44336, -91.18533)"
S-064,STATE,GOVERNMENT ST,EAST BLVD,30.4435,-91.18034,"(30.4435, -91.18034)"
S-065,STATE,GOVERNMENT ST,EDDIE ROBINSON DR,30.44362,-91.17572,"(30.44362, -91.17572)"
S-066,STATE,GOVERNMENT ST,19TH ST / PARK BLVD,30.44378,-91.16906,"(30.44378, -91.16906)"
S-067,STATE,GOVERNMENT ST,21ST ST / CAMELIA AVE,30.44383,-91.16681,"(30.44383, -91.16681)"
S-068,STATE,GOVERNMENT ST,22ND ST,30.44386,-91.16573,"(30.44386, -91.16573)"
S-069,STATE,GOVERNMENT ST,EUGENE ST,30.444,-91.16001,"(30.444, -91.16001)"
S-071,STATE,ACADIAN THWY,GOVERNMENT ST,30.44419,-91.1544,"(30.44419, -91.1544)"
S-271,STATE,GREENWELL SPRINGS RD,RIDGEMONT DR,30.49108,-91.07136,"(30.49108, -91.07136)"
S-272,STATE,FLORIDA BLVD,CENTRAL THWY / O'NEAL LN,30.46642,-91.01006,"(30.46642, -91.01006)"
S-273,STATE,NICHOLSON DR,N STADIUM RD,30.41282,-91.18665,"(30.41282, -91.18665)"
S-274,STATE,NICHOLSON DR,BURBANK DR / GOURRIER AVE,30.40454,-91.18369,"(30.40454, -91.18369)"
S-275,STATE,PLANK RD,DENHAM ST,30.50444,-91.15139,"(30.50444, -91.15139)"
S-279,STATE,O'NEAL LN,FIREWOOD AVE,30.43401,-91.00758,"(30.43401, -91.00758)"
S-280,STATE,SIEGEN LN,INDUSTRIPLEX BLVD,30.38937,-91.06174,"(30.38937, -91.06174)"
S-281,STATE,SIEGEN LN,REITZ AVE,30.38722,-91.06307,"(30.38722, -91.06307)"
S-282,STATE,O'NEAL LN,S HARRELL'S FERRY RD,30.42527,-91.00756,"(30.42527, -91.00756)"
S-283,STATE,O'NEAL LN,MEDICAL CENTER DR,30.43973,-91.0075,"(30.43973, -91.0075)"
S-284,STATE,AIRLINE HWY,E INDUSTRIAL AVE,30.47311,-91.11031,"(30.47311, -91.11031)"
S-286,STATE,SIEGEN LN,KINGLET DR,30.37953,-91.06744,"(30.37953, -91.06744)"
S-287,STATE,AIRLINE HWY,HAMMOND AIRE,30.43401,-91.08236,"(30.43401, -91.08236)"
S-291,STATE,SIEGEN LN,RIEGER RD,30.38428,-91.0649,"(30.38428, -91.0649)"
S-292,STATE,O'NEAL LN,HOBBY LOBBY / OLD LONDON,30.44545,-91.00762,"(30.44545, -91.00762)"
S-294,STATE,ESSEN LN,UNITED PLAZA BLVD,30.41043,-91.10071,"(30.41043, -91.10071)"
S-299,STATE,PERKINS RD,QUAIL DR,30.40542,-91.12352,"(30.40542, -91.12352)"
S-300,STATE,DRUSILLA LN,INTERLINE AVE,30.42037,-91.08803,"(30.42037, -91.08803)"
S-301,STATE,DRUSILLA LN,I-12,30.41674,-91.08896,"(30.41674, -91.08896)"
S-304,STATE,BLUEBONNET BLVD,BURBANK DR,30.35421,-91.11028,"(30.35421, -91.11028)"
S-305,STATE,AIRLINE HWY,SHERWOOD COMMON BLVD,30.40421,-91.05895,"(30.40421, -91.05895)"
S-306,STATE,BURBANK DR,JENNIFER JEAN DR,30.40014,-91.17439,"(30.40014, -91.17439)"
S-308,STATE,ACADIAN THWY,RICHLAND PLANTATION,30.4231,-91.15158,"(30.4231, -91.15158)"
S-309,STATE,ACADIAN THWY,BAWELL ST,30.42693,-91.15105,"(30.42693, -91.15105)"
S-310,STATE,PERKINS RD,CONGRESS BLVD,30.41359,-91.13667,"(30.41359, -91.13667)"
S-311,STATE,JEFFERSON HWY,I-12,30.41673,-91.08896,"(30.41673, -91.08896)"
S-312,STATE,RIVER RD,CASINO,30.46019,-91.18946,"(30.46019, -91.18946)"
S-317,STATE,O'NEAL LN,WALMART,30.43841,-91.00752,"(30.43841, -91.00752)"
S-320,STATE,PERKINS RD,ONE PERKINS PLACE DR,30.3986,-91.11513,"(30.3986, -91.11513)"
S-321,STATE,OLD HAMMOND HWY,CHEVELLE AVE,30.43103,-91.0985,"(30.43103, -91.0985)"
S-322,STATE,ESSEN LN,MARGARET ANN AVE,30.40391,-91.10404,"(30.40391, -91.10404)"
S-367,STATE,PERKINS RD,GRAND AVE,30.37774,-91.09488,"(30.37774, -91.09488)"
S-368,STATE,SIEGEN LN,CLOVERLAND AVE,30.39521,-91.05818,"(30.39521, -91.05818)"
S-370,STATE,PLANK RD,COCA-COLA FACILITY,30.53496,-91.14061,"(30.53496, -91.14061)"
S-371,STATE,MALL OF LOUISIANA BLVD,I-10,30.3907,-91.07815,"(30.3907, -91.07815)"
S-372,STATE,PERKINS RD,PECUE LN,30.36046,-91.05263,"(30.36046, -91.05263)"
S-373,STATE,RIVER RD,RIVER PARK BLVD,30.4621,-91.18891,"(30.4621, -91.18891)"
S-374,STATE,BURBANK DR,S STARING LN,30.36186,-91.1273,"(30.36186, -91.1273)"
S-375,STATE,SIEGEN LN,N OAK HILLS PKWY,30.36105,-91.07888,"(30.36105, -91.07888)"
S-376,STATE,AIRLINE HWY,STUMBERG LN / PECUE BLVD,30.38089,-91.03823,"(30.38089, -91.03823)"
S-377,STATE,BURBANK DR,PARKER BLVD,30.40179,-91.17656,"(30.40179, -91.17656)"
S-378,STATE,GREENWELL SPRINGS RD,CENTRAL THWY,30.51505,-91.02633,"(30.51505, -91.02633)"
S-056,STATE,AIRLINE HWY,HIGHLAND RD,30.35909,-91.00857,"(30.35909, -91.00857)"
S-289,STATE,JEFFERSON HWY,HIGHLAND RD,30.36235,-91.00371,"(30.36235, -91.00371)"
S-307,STATE,HIGHLAND RD,PERKINS RD E,30.34797,-91.02766,"(30.34797, -91.02766)"
S-278,STATE,HIGHLAND RD,I-10,30.3463,-91.02948,"(30.3463, -91.02948)"
S-324,STATE,HIGHLAND RD,PERKINS RD,30.34518,-91.03112,"(30.34518, -91.03112)"
S-293,STATE,AIRLINE HWY,BARINGER-FOREMAN RD,30.36421,-91.0218,"(30.36421, -91.0218)"
S-315,STATE,JEFFERSON HWY,HOO SHOO TOO RD,30.35541,-90.99276,"(30.35541, -90.99276)"
S-288,STATE,JEFFERSON HWY,BARINGER-FOREMAN RD,30.37571,-91.01707,"(30.37571, -91.01707)"
S-381,STATE,AIRLINE HWY,ANTIOCH RD,30.36179,-91.01537,"(30.36179, -91.01537)"
S-263,STATE,JEFFERSON HWY,TIGER BEND RD,30.39202,-91.03422,"(30.39202, -91.03422)"
S-297,STATE,JEFFERSON HWY,FLOYNELL DR,30.40988,-91.07346,"(30.40988, -91.07346)"
S-191,STATE,AIRLINE HWY,SHERWOOD FOREST BLVD / SIEGEN LN,30.39901,-91.05413,"(30.39901, -91.05413)"
S-238,STATE,AIRLINE HWY,JEFFERSON HWY,30.39561,-91.05132,"(30.39561, -91.05132)"
S-001,STATE,O'NEAL LN,COLISEUM AVE / WOODWICK AVE,30.45405,-91.0082,"(30.45405, -91.0082)"
S-296,STATE,O'NEAL LN,STRAIN RD,30.45722,-91.00835,"(30.45722, -91.00835)"
S-319,STATE,O'NEAL LN,OLD HAMMOND HWY,30.46019,-91.00837,"(30.46019, -91.00837)"
C-099,CITY,LAUREL ST,3RD ST,30.45036,-91.18832,"(30.45036, -91.18832)"
C-094,CITY,LAUREL ST,4TH ST,30.4504,-91.18711,"(30.4504, -91.18711)"
C-095,CITY,LAUREL ST,5TH ST,30.45044,-91.18591,"(30.45044, -91.18591)"
C-096,CITY,LAUREL ST,6TH ST,30.45047,-91.18473,"(30.45047, -91.18473)"
C-097,CITY,LAUREL ST,7TH ST,30.45051,-91.18347,"(30.45051, -91.18347)"
C-232,CITY,NORTH BLVD,RIVER RD,30.44708,-91.19017,"(30.44708, -91.19017)"
S-121B,STATE,NORTH BLVD,10TH ST,30.44734,-91.17963,"(30.44734, -91.17963)"
S-015,STATE,HOOPER RD,MICKENS RD,30.52634,-91.12724,"(30.52634, -91.12724)"
S-201,STATE,HOOPER RD,FOSTER RD,30.52919,-91.10812,"(30.52919, -91.10812)"
S-285,STATE,HOOPER RD,BLACKWATER RD,30.53316,-91.08689,"(30.53316, -91.08689)"
S-295,STATE,HOOPER RD,LOVETT RD,30.54051,-91.06958,"(30.54051, -91.06958)"
S-012,STATE,HOOPER RD,JOOR RD,30.54708,-91.05357,"(30.54708, -91.05357)"
S-013,STATE,HOOPER RD,SULLIVAN RD,30.55427,-91.03691,"(30.55427, -91.03691)"
S-221,STATE,JOOR RD,PRESCOTT RD,30.49116,-91.08842,"(30.49116, -91.08842)"
S-261,STATE,JOOR RD,GREENWELL ST,30.50253,-91.08709,"(30.50253, -91.08709)"
S-182,STATE,JOOR RD,MICKENS RD,30.50435,-91.08534,"(30.50435, -91.08534)"
S-205,STATE,JOOR RD,LOVETT RD,30.53186,-91.06248,"(30.53186, -91.06248)"
S-207,STATE,GREENWELL SPRINGS RD,N FLANNERY RD,30.49891,-91.04863,"(30.49891, -91.04863)"
S-258,STATE,GREENWELL SPRINGS RD,SULLIVAN RD,30.51174,-91.02975,"(30.51174, -91.02975)"
S-277,STATE,GREENWELL SPRINGS RD,MORGAN RD,30.51832,-90.99877,"(30.51832, -90.99877)"
S-005,STATE,GREENWELL SPRINGS RD,MAGNOLIA BRIDGE RD,30.5342,-90.98776,"(30.5342, -90.98776)"
S-111,STATE,PLANK RD,THOMAS RD / COMITE DR,30.55881,-91.13328,"(30.55881, -91.13328)"
S-218,STATE,PLANK RD,KENT DR,30.58906,-91.12403,"(30.58906, -91.12403)"
S-002,STATE,PLANK RD,LA 64,30.64888,-91.10546,"(30.64888, -91.10546)"
S-014,STATE,LA 19,THOMAS RD,30.55871,-91.17379,"(30.55871, -91.17379)"
S-242,STATE,LA 19,RAFE MAYER RD,30.56684,-91.17213,"(30.56684, -91.17213)"
S-008,STATE,LA 19,LAVEY LN / S MAGNOLIA AVE,30.57529,-91.1706,"(30.57529, -91.1706)"
S-007,STATE,LA 19,RAY WEILAND DR / TRUMAN ST,30.58594,-91.16859,"(30.58594, -91.16859)"
S-006,STATE,LA 19,GROOM RD,30.58829,-91.16814,"(30.58829, -91.16814)"
S-196,STATE,LA 19,BAKER BLVD,30.59447,-91.16694,"(30.59447, -91.16694)"
S-200,STATE,LA 19,NEW WEIS RD,30.64123,-91.15364,"(30.64123, -91.15364)"
S-004,STATE,LA 19,MAIN ST,30.64783,-91.15047,"(30.64783, -91.15047)"
S-329,STATE,LA 19,CHURCH ST,30.64936,-91.15024,"(30.64936, -91.15024)"
S-298,STATE,LA 19,PORT HUDSON-PRIDE RD,30.68381,-91.14893,"(30.68381, -91.14893)"
S-189,STATE,SAMUELS RD,MT PLEASANT-ZACHARY RD,30.64684,-91.24777,"(30.64684, -91.24777)"
S-230,STATE,OLD SCENIC HWY,MT PLEASANT-ZACHARY RD / CHURCH ST,30.65469,-91.19332,"(30.65469, -91.19332)"
S-362,STATE,HIGH ST,ROLLINS RD / OLD BAKER RD,30.64987,-91.15895,"(30.64987, -91.15895)"
S-197,STATE,MAIN ST,LEE ST,30.64831,-91.15485,"(30.64831, -91.15485)"
S-318,STATE,MAIN ST,WAL-MART,30.64872,-91.14267,"(30.64872, -91.14267)"
S-358,STATE,MAIN ST,HOME DEPOT,30.64962,-91.1335,"(30.64962, -91.1335)"
SU-1,SOUTHERN,SWAN AVE,ISABEL HERSON DR,30.52358,-91.18625,"(30.52358, -91.18625)"
S-213,STATE,GREENWELL SPRINGS RD,FRENCHTOWN RD,30.50827,-91.03246,"(30.50827, -91.03246)"
C-257,CITY,W LAKESHORE DR,E PARKER BLVD,30.40783,-91.17087,"(30.40783, -91.17087)"
S-323,STATE,PERKINS RD,BALIS ST / STUART AVE,30.41803,-91.14679,"(30.41803, -91.14679)"
S-326,STATE,JEFFERSON HWY,WRENWOOD BLVD / OFFICE PARK BLVD,30.422,-91.10156,"(30.422, -91.10156)"
S-327,STATE,COLLEGE DR,I-10 / CONSTITUTION AVE,30.42232,-91.13964,"(30.42232, -91.13964)"
S-330,STATE,ESSEN LN,ESSEN PARK AVE,30.40548,-91.10293,"(30.40548, -91.10293)"
S-331,STATE,PERKINS RD,OAKDALE DR,30.37206,-91.08617,"(30.37206, -91.08617)"
S-332,STATE,PERKINS RD,GREAT OAKS DR / WIMBLEDON AVE,30.37455,-91.08996,"(30.37455, -91.08996)"
S-333,STATE,FLORIDA BLVD,CENTERWAY BLVD,30.45348,-91.09183,"(30.45348, -91.09183)"
S-334,STATE,JEFFERSON HWY,BLUEBONNET BLVD,30.41123,-91.07844,"(30.41123, -91.07844)"
S-335,STATE,PERKINS RD,VALLEY ST,30.41916,-91.14878,"(30.41916, -91.14878)"
S-338,STATE,O'NEAL LN,BRISTOE AVE,30.43568,-91.00754,"(30.43568, -91.00754)"
S-340,STATE,PERKINS RD,WINDERMERE BLVD / YMCA PLAZA DR,30.36944,-91.07818,"(30.36944, -91.07818)"
S-341,STATE,BLUEBONNET BLVD,MALL DRIVE 1,30.39326,-91.08832,"(30.39326, -91.08832)"
S-342,STATE,BLUEBONNET BLVD,PICARDY AVE / MALL OF LOUISIANA BLVD,30.39165,-91.091,"(30.39165, -91.091)"
S-343,STATE,BLUEBONNET BLVD,MALL DRIVE 3,30.38926,-91.09242,"(30.38926, -91.09242)"
S-344,STATE,BLUEBONNET BLVD,ANSELMO LN,30.38723,-91.0938,"(30.38723, -91.0938)"
S-346,STATE,BLUEBONNET BLVD,HIGHLAND RD,30.36064,-91.10666,"(30.36064, -91.10666)"
S-347,STATE,BLUEBONNET BLVD,N OAK HILLS PKWY,30.36958,-91.10265,"(30.36958, -91.10265)"
S-349,STATE,ESSEN LN,UNITED PLAZA BLVD,30.41297,-91.09954,"(30.41297, -91.09954)"
S-350,STATE,SULLIVAN RD,HUNTLEY AVE,30.54709,-91.02956,"(30.54709, -91.02956)"
S-351,STATE,RIVER RD,STATE CAPITOL DR,30.45616,-91.18994,"(30.45616, -91.18994)"
S-353,STATE,NICHOLSON DR,BLUEBONNET BLVD,30.33604,-91.13557,"(30.33604, -91.13557)"
S-354,STATE,FLORIDA ST,RIVER RD,30.44926,-91.1904,"(30.44926, -91.1904)"
S-355,STATE,RIVER RD,LAUREL ST,30.45032,-91.19045,"(30.45032, -91.19045)"
S-357,STATE,HARDING BLVD,HOWELL BLVD,30.52137,-91.15674,"(30.52137, -91.15674)"
S-359,STATE,BLUEBONNET BLVD,PARK ROWE,30.3799,-91.09737,"(30.3799, -91.09737)"
S-361,STATE,ESSEN LN,ARCHIVES AVE,30.41449,-91.09885,"(30.41449, -91.09885)"
S-363,STATE,HARDING BLVD,ATM-EOC,30.52151,-91.15272,"(30.52151, -91.15272)"
S-365,STATE,JEFFERSON HWY,TOWNE CENTER BLVD,30.43395,-91.11528,"(30.43395, -91.11528)"
S-366,STATE,OLD HAMMOND HWY,N HARRELL'S FERRY RD,30.43493,-91.0646,"(30.43493, -91.0646)"
S-360,STATE,CHURCH ST,NEWELL ST,30.65301,-91.17913,"(30.65301, -91.17913)"
C-115,CITY,NORTH BLVD,N 4TH ST/SAINT FERDINAND ST,30.44709,-91.18683,"(30.44709, -91.18683)"
C-121,CITY,NORTH BLVD,SAINT LOUIS ST,30.44706,-91.18765,"(30.44706, -91.18765)"
S-382,STATE,JEFFERSON HWY,ANTIOCH RD,30.36987,-91.01054,"(30.36987, -91.01054)"
S-379,STATE,BURBANK DR,BEN HUR RD,30.38804,-91.15727,"(30.38804, -91.15727)"
SU-2,SOUTHERN,B.A. LITTLE DR,ISABEL HERSON DR,30.52676,-91.19125,"(30.52676, -91.19125)"
S-328,STATE,AIRLINE HWY,HOME DEPOT,30.46234,-91.10261,"(30.46234, -91.10261)"
S-109,STATE,PLANK RD,SUMRALL DR,30.51294,-91.1484,"(30.51294, -91.1484)"
S-112,STATE,SCENIC HWY,SCOTLAND AVE,30.52358,-91.18087,"(30.52358, -91.18087)"
S-113,STATE,NORTH ST,9TH ST,30.4527,-91.18111,"(30.4527, -91.18111)"
S-114,STATE,AIRLINE HWY,FOSTER DR,30.5087,-91.14143,"(30.5087, -91.14143)"
S-116,STATE,SCENIC HWY,WINBOURNE AVE,30.47778,-91.1686,"(30.47778, -91.1686)"
S-117,STATE,SCENIC HWY,MOHICAN ST,30.48446,-91.16901,"(30.48446, -91.16901)"
S-119,STATE,CAPITOL ACCESS RD,W HIGHWAY DR,30.45817,-91.17848,"(30.45817, -91.17848)"
S-121A,STATE,NORTH BLVD,9TH ST,30.44728,-91.18052,"(30.44728, -91.18052)"
S-123,STATE,JEFFERSON HWY,COLLEGE DR,30.43897,-91.12714,"(30.43897, -91.12714)"
S-124,STATE,FLORIDA ST,LAFAYETTE ST,30.44925,-91.18944,"(30.44925, -91.18944)"
S-125,STATE,SCENIC HWY,HARDING BLVD,30.52049,-91.17911,"(30.52049, -91.17911)"
S-126,STATE,CHIPPEWA ST,SORREL AVE,30.47269,-91.18109,"(30.47269, -91.18109)"
S-127,STATE,SCENIC HWY,CHIPPEWA ST,30.47309,-91.16836,"(30.47309, -91.16836)"
S-128,STATE,AIRLINE HWY,CHOCTAW DR,30.47106,-91.10878,"(30.47106, -91.10878)"
S-129,STATE,AIRLINE HWY,TOM DR,30.46631,-91.10544,"(30.46631, -91.10544)"
S-130,STATE,AIRLINE HWY,OLD HAMMOND HWY,30.43163,-91.08071,"(30.43163, -91.08071)"
S-131,STATE,AIRLINE HWY,GOODWOOD BLVD,30.44319,-91.08895,"(30.44319, -91.08895)"
S-133,STATE,SPANISH TOWN RD,9TH ST,30.4548,-91.18114,"(30.4548, -91.18114)"
S-134,STATE,MAIN ST,9TH ST,30.45165,-91.18099,"(30.45165, -91.18099)"
S-135,STATE,MAIN ST,10TH ST,30.45167,-91.17987,"(30.45167, -91.17987)"
S-137,STATE,NORTH ST,10TH ST,30.45273,-91.18018,"(30.45273, -91.18018)"
S-138,STATE,FLORIDA ST,3RD ST,30.44931,-91.18826,"(30.44931, -91.18826)"
S-139,STATE,FLORIDA ST,4TH ST,30.44932,-91.18704,"(30.44932, -91.18704)"
S-140,STATE,FLORIDA ST,5TH ST,30.44936,-91.18584,"(30.44936, -91.18584)"
S-141,STATE,FLORIDA ST,6TH ST,30.44938,-91.18466,"(30.44938, -91.18466)"
S-184,STATE,HARDING BLVD,ELTON HARRISON DR,30.52016,-91.19206,"(30.52016, -91.19206)"
S-185,STATE,LA 19,BLOUNT RD,30.54343,-91.1767,"(30.54343, -91.1767)"
S-186,STATE,FLORIDA BLVD,FLANNERY RD,30.46241,-91.03528,"(30.46241, -91.03528)"
S-187,STATE,FLORIDA BLVD,OAK VILLA BLVD,30.45429,-91.08717,"(30.45429, -91.08717)"
S-188,STATE,AIRLINE HWY,FLORLINE BLVD,30.45744,-91.09911,"(30.45744, -91.09911)"
S-190,STATE,FLORIDA BLVD,LITTLE JOHN DR,30.45987,-91.05128,"(30.45987, -91.05128)"
S-193,STATE,HARDING BLVD,I-110 / VETERAN'S MEMORIAL BLVD,30.52128,-91.1609,"(30.52128, -91.1609)"
S-194,STATE,SCENIC HWY,MILLS AVE,30.53295,-91.18648,"(30.53295, -91.18648)"
S-195,STATE,PERKINS RD,KENILWORTH PKWY,30.39969,-91.11663,"(30.39969, -91.11663)"
S-199,STATE,PLANK RD,72ND AVE / MONARCH AVE,30.51542,-91.14756,"(30.51542, -91.14756)"
S-202,STATE,PLANK RD,I-110,30.46278,-91.1661,"(30.46278, -91.1661)"
S-203,STATE,ESSEN LN,I-10,30.40836,-91.10168,"(30.40836, -91.10168)"
S-204,STATE,HIGHLAND RD,GARDERE LN,30.36615,-91.11938,"(30.36615, -91.11938)"
S-206,STATE,FLORIDA BLVD,DONMOOR AVE,30.45149,-91.11839,"(30.45149, -91.11839)"
S-208,STATE,GREENWELL SPRINGS RD,JOYCE DR,30.48187,-91.09615,"(30.48187, -91.09615)"
S-209,STATE,OLD HAMMOND HWY,FLANNERY RD,30.44551,-91.03423,"(30.44551, -91.03423)"
S-210,STATE,OLD HAMMOND HWY,FAIRWAY DR / TARA BLVD,30.43096,-91.09133,"(30.43096, -91.09133)"
S-211,STATE,ESSEN LN,HENNESSY BLVD / SUMMA AVE,30.40175,-91.10544,"(30.40175, -91.10544)"
S-212,STATE,NICHOLSON DR,BRIGHTSIDE DR / LEE DR,30.3883,-91.17179,"(30.3883, -91.17179)"
S-215,STATE,GREENWELL SPRINGS RD,SHERWOOD FOREST BLVD,30.49373,-91.06073,"(30.49373, -91.06073)"
S-216,STATE,FLORIDA BLVD,STEVENDALE RD,30.46749,-91.00301,"(30.46749, -91.00301)"
S-217,STATE,AIRLINE HWY,DAWNADELE AVE,30.41923,-91.07183,"(30.41923, -91.07183)"
S-219,STATE,NICHOLSON DR,TERRACE ST,30.43628,-91.18724,"(30.43628, -91.18724)"
S-220,STATE,SHERWOOD FOREST BLVD,S HARRELL'S FERRY RD / MEAD RD,30.42853,-91.05606,"(30.42853, -91.05606)"
S-222,STATE,LA 19,I-110,30.53561,-91.17827,"(30.53561, -91.17827)"
S-223,STATE,PERKINS RD,BLUEBONNET BLVD,30.37919,-91.09789,"(30.37919, -91.09789)"
S-224,STATE,GREENWELL SPRINGS RD,LANIER DR,30.47793,-91.10891,"(30.47793, -91.10891)"
S-225,STATE,AIRLINE HWY,INTERLINE AVE,30.4278,-91.07792,"(30.4278, -91.07792)"
S-227,STATE,SULLIVAN RD,WAX RD,30.54313,-91.02877,"(30.54313, -91.02877)"
S-228,STATE,NICHOLSON DR,ROOSEVELT ST,30.42158,-91.18754,"(30.42158, -91.18754)"
S-229,STATE,FLORIDA BLVD,MC GEHEE DR / GREEN OAK DR,30.45788,-91.06453,"(30.45788, -91.06453)"
S-231,STATE,BURBANK DR,LEE DR,30.39159,-91.16202,"(30.39159, -91.16202)"
S-232,STATE,ACADIAN THWY,HUNDRED OAKS AVE,30.4323,-91.15256,"(30.4323, -91.15256)"
S-233,STATE,ACADIAN THWY,BROUSSARD ST,30.43606,-91.1527,"(30.43606, -91.1527)"
S-234,STATE,ACADIAN THWY,CLAYCUT RD,30.43996,-91.15251,"(30.43996, -91.15251)"
S-235,STATE,JEFFERSON HWY,BLUEBONNET RD,30.41216,-91.08035,"(30.41216, -91.08035)"
S-236,STATE,JEFFERSON HWY,STUMBERG LN,30.39369,-91.03919,"(30.39369, -91.03919)"
S-237,STATE,BURBANK DR,GARDERE LN,30.36024,-91.12401,"(30.36024, -91.12401)"
S-239,STATE,NICHOLSON DR,GARDERE LN,30.346,-91.14043,"(30.346, -91.14043)"
S-243,STATE,GARDERE LN,INNOVATION PARK DR / GSRI AVE,30.35554,-91.12706,"(30.35554, -91.12706)"
S-244,STATE,OLD HAMMOND HWY,MILLERVILLE RD,30.45163,-91.02461,"(30.45163, -91.02461)"
S-245,STATE,FLORIDA BLVD,MONTERREY BLVD,30.45468,-91.08453,"(30.45468, -91.08453)"
S-247,STATE,MILLERVILLE RD,I-12,30.43814,-91.02429,"(30.43814, -91.02429)"
S-248,STATE,AIRLINE HWY,COURSEY BLVD / BLUEBONNET BLVD,30.41644,-91.06983,"(30.41644, -91.06983)"
S-249,STATE,AIRLINE HWY,VINE ST / CONNELL'S VILLAGE LN,30.44764,-91.09212,"(30.44764, -91.09212)"
S-250,STATE,FLORIDA BLVD,MARILYN DR,30.45579,-91.07693,"(30.45579, -91.07693)"
S-251,STATE,AIRLINE HWY,INDUSTRIPLEX BLVD / PECUE LN,30.38507,-91.04183,"(30.38507, -91.04183)"
S-252,STATE,ESSEN LN,PICARDY AVE,30.39854,-91.10743,"(30.39854, -91.10743)"
S-253,STATE,SOUTH BLVD,SAINT PHILLIP ST,30.43967,-91.18833,"(30.43967, -91.18833)"
S-254,STATE,O'NEAL LN,I-12,30.4424,-91.00751,"(30.4424, -91.00751)"
S-255,STATE,OLD HAMMOND HWY,DRUSILLA LN,30.43104,-91.08398,"(30.43104, -91.08398)"
S-256,STATE,BLUEBONNET BLVD,I-10,30.39512,-91.08578,"(30.39512, -91.08578)"
S-257,STATE,SIEGEN LN,I-10,30.3823,-91.06604,"(30.3823, -91.06604)"
S-259,STATE,HIGHLAND RD,SIEGEN LN / BURBANK DR,30.35078,-91.08338,"(30.35078, -91.08338)"
S-260,STATE,GOVERNMENT ST,COMMUNITY COLLEGE DR,30.44458,-91.13577,"(30.44458, -91.13577)"
S-262,STATE,FLORIDA BLVD,CLOUD DR,30.45103,-91.13219,"(30.45103, -91.13219)"
S-267,STATE,BURBANK DR,E BOYD DR,30.40076,-91.1752,"(30.40076, -91.1752)"
S-268,STATE,GREENWELL SPRINGS RD,PLATT DR,30.48863,-91.0762,"(30.48863, -91.0762)"
S-270,STATE,PERKINS RD,POLLARD PKWY,30.41105,-91.13226,"(30.41105, -91.13226)"
C-190,CITY,SANTA MARIA PKWY,GOLF COURSE,30.33989,-91.01004,"(30.33989, -91.01004)"
C-191,CITY,TIGER BEND RD,ANTIOCH RD,30.38957,-91.00733,"(30.38957, -91.00733)"
C-192,CITY,MONTERREY DR,MAMMOTH AVE,30.47392,-91.08377,"(30.47392, -91.08377)"
S-151,STATE,CONVENTION ST,9TH ST,30.44846,-91.18098,"(30.44846, -91.18098)"
S-152,STATE,NICHOLSON DR,SOUTH BLVD,30.43963,-91.18736,"(30.43963, -91.18736)"
S-154,STATE,WASHINGTON ST,I-10,30.43127,-91.1745,"(30.43127, -91.1745)"
S-155,STATE,NICHOLSON DR,S STADIUM RD / SKIP BERTMAN DR,30.41119,-91.1864,"(30.41119, -91.1864)"
S-156,STATE,NICHOLSON DR,MC KINLEY ST,30.42359,-91.18757,"(30.42359, -91.18757)"
S-157,STATE,DALRYMPLE DR,I-10,30.42685,-91.16867,"(30.42685, -91.16867)"
S-158,STATE,DALRYMPLE DR,I-10 / LAKESHORE DR,30.42916,-91.1688,"(30.42916, -91.1688)"
S-159,STATE,PERKINS RD,I-10,30.42243,-91.15551,"(30.42243, -91.15551)"
S-160,STATE,JEFFERSON HWY,MC CARROLL DR,30.42821,-91.1074,"(30.42821, -91.1074)"
S-161,STATE,JEFFERSON HWY,ESSEN LN,30.41936,-91.09661,"(30.41936, -91.09661)"
S-162,STATE,JEFFERSON HWY,DRUSILLA LN,30.41718,-91.08987,"(30.41718, -91.08987)"
S-163,STATE,FLORIDA BLVD,WOODDALE BLVD,30.45196,-91.10409,"(30.45196, -91.10409)"
S-164,STATE,FLORIDA BLVD,ARDENWOOD AVE,30.45119,-91.12742,"(30.45119, -91.12742)"
S-165,STATE,FLORIDA BLVD,FOSTER DR,30.45079,-91.13901,"(30.45079, -91.13901)"
S-166,STATE,FLORIDA ST,EUGENE ST,30.45011,-91.16092,"(30.45011, -91.16092)"
S-167,STATE,FLORIDA ST,22ND ST,30.44995,-91.16592,"(30.44995, -91.16592)"
S-168,STATE,FLORIDA ST,19TH ST,30.44986,-91.1693,"(30.44986, -91.1693)"
S-170,STATE,ESSEN LN,I-12,30.41553,-91.0984,"(30.41553, -91.0984)"
S-172,STATE,AIRLINE HWY,CEDARCREST AVE,30.41385,-91.06766,"(30.41385, -91.06766)"
S-174,STATE,NICHOLSON DR,JENNIFER JEAN DR / BOB PETTIT BLVD,30.39668,-91.17798,"(30.39668, -91.17798)"
S-175,STATE,AIRLINE HWY,PRESCOTT RD,30.48839,-91.12126,"(30.48839, -91.12126)"
S-176,STATE,NICHOLSON DR,NICHOLSON DR EXT,30.40833,-91.18601,"(30.40833, -91.18601)"
S-177,STATE,SCENIC HWY,BLOUNT RD,30.54056,-91.19092,"(30.54056, -91.19092)"
S-178,STATE,SCENIC HWY,CHOCTAW DR,30.46985,-91.16815,"(30.46985, -91.16815)"
S-180,STATE,SCENIC HWY,FOSS ST,30.45994,-91.16759,"(30.45994, -91.16759)"
S-072,STATE,GOVERNMENT ST,EDISON ST,30.44433,-91.14704,"(30.44433, -91.14704)"
S-073,STATE,GOVERNMENT ST,FOSTER DR,30.44453,-91.13855,"(30.44453, -91.13855)"
S-074,STATE,GOVERNMENT ST,JEFFERSON HWY,30.44463,-91.13062,"(30.44463, -91.13062)"
S-075,STATE,JEFFERSON HWY,CLAYCUT RD / GOODWOOD AVE,30.4416,-91.13009,"(30.4416, -91.13009)"
S-076,STATE,JEFFERSON HWY,LOBDELL AVE,30.43304,-91.1107,"(30.43304, -91.1107)"
S-077,STATE,JEFFERSON HWY,CORPORATE BLVD / OLD HAMMOND HWY,30.43075,-91.10915,"(30.43075, -91.10915)"
S-078,STATE,PERKINS RD,ACADIAN THWY / STANFORD AVE,30.42107,-91.15286,"(30.42107, -91.15286)"
S-079,STATE,PERKINS RD,COLLEGE DR / LEE DR,30.41649,-91.14331,"(30.41649, -91.14331)"
S-080,STATE,ESSEN LN / STARING LN,PERKINS RD,30.39505,-91.10963,"(30.39505, -91.10963)"
S-081,STATE,PERKINS RD,SIEGEN LN,30.36822,-91.07446,"(30.36822, -91.07446)"
S-082,STATE,FLORIDA ST,9TH ST,30.44951,-91.18104,"(30.44951, -91.18104)"
S-083,STATE,FLORIDA ST,10TH ST,30.44956,-91.17983,"(30.44956, -91.17983)"
S-084,STATE,ACADIAN THWY,FLORIDA BLVD,30.45034,-91.1547,"(30.45034, -91.1547)"
S-086,STATE,FLORIDA ST,PEACHTREE BLVD,30.45039,-91.1524,"(30.45039, -91.1524)"
S-087,STATE,FLORIDA BLVD,TOUCHDOWN PLAZA,30.45163,-91.11395,"(30.45163, -91.11395)"
S-088,STATE,FLORIDA BLVD,LOBDELL BLVD,30.45172,-91.11209,"(30.45172, -91.11209)"
S-089,STATE,FLORIDA BLVD,CORA AVE,30.45514,-91.08136,"(30.45514, -91.08136)"
S-090,STATE,FLORIDA BLVD,SHARP RD,30.4566,-91.07212,"(30.4566, -91.07212)"
S-091,STATE,FLORIDA BLVD,SHERWOOD FOREST BLVD,30.45885,-91.05814,"(30.45885, -91.05814)"
S-092,STATE,NORTH BLVD,22ND ST,30.44785,-91.16591,"(30.44785, -91.16591)"
S-093,STATE,MAIN ST,22ND ST,30.45206,-91.16601,"(30.45206, -91.16601)"
S-094,STATE,NORTH ST,22ND ST,30.45315,-91.16605,"(30.45315, -91.16605)"
S-095,STATE,FUQUA ST,22ND ST,30.45739,-91.16615,"(30.45739, -91.16615)"
S-096,STATE,PLANK RD,FAIRFIELDS AVE / PAWNEE ST,30.46666,-91.16469,"(30.46666, -91.16469)"
S-097,STATE,PLANK RD,CHOCTAW DR,30.46993,-91.16354,"(30.46993, -91.16354)"
S-098,STATE,PLANK RD,CHIPPEWA ST,30.47331,-91.16238,"(30.47331, -91.16238)"
S-099,STATE,PLANK RD,WINBOURNE AVE,30.47824,-91.1606,"(30.47824, -91.1606)"
S-100,STATE,PLANK RD,MOHICAN ST,30.48485,-91.15829,"(30.48485, -91.15829)"
S-103,STATE,PLANK RD,EVANGELINE ST,30.49268,-91.15553,"(30.49268, -91.15553)"
S-104,STATE,PLANK RD,LORRAINE ST,30.49666,-91.15412,"(30.49666, -91.15412)"
S-105,STATE,PLANK RD,SAINT GERARD AVE,30.49731,-91.15389,"(30.49731, -91.15389)"
S-106,STATE,PLANK RD,HOLLYWOOD ST,30.49947,-91.15316,"(30.49947, -91.15316)"
S-107,STATE,PLANK RD,JH COONEY DR,30.50351,-91.15171,"(30.50351, -91.15171)"
S-108,STATE,PLANK RD,DAWSON DR / MASON AVE,30.50682,-91.15059,"(30.50682, -91.15059)"
C-102,CITY,LOBDELL BLVD,HARRY DR,30.45771,-91.11278,"(30.45771, -91.11278)"
C-103,CITY,LOBDELL BLVD,TOM DR,30.46228,-91.11614,"(30.46228, -91.11614)"
C-104,CITY,MAIN ST,4TH ST,30.45145,-91.18713,"(30.45145, -91.18713)"
C-105,CITY,MAIN ST,5TH ST,30.45149,-91.18594,"(30.45149, -91.18594)"
C-106,CITY,MAIN ST,6TH ST,30.45151,-91.18473,"(30.45151, -91.18473)"
C-107,CITY,MAIN ST,7TH ST,30.45157,-91.18354,"(30.45157, -91.18354)"
C-108,CITY,MAIN ST,19TH ST,30.45195,-91.16939,"(30.45195, -91.16939)"
C-110,CITY,MAIN ST,LAFAYETTE ST,30.45141,-91.18951,"(30.45141, -91.18951)"
C-111,CITY,MAIN ST,3RD ST,30.45143,-91.18835,"(30.45143, -91.18835)"
C-113,CITY,MICKENS RD,SILVERLEAF AVE,30.51894,-91.12186,"(30.51894, -91.12186)"
C-114,CITY,MONTERREY DR,GREAT SMOKY AVE,30.47623,-91.08367,"(30.47623, -91.08367)"
C-116,CITY,NORTH BLVD,5TH ST / ST CHARLES ST,30.44712,-91.18544,"(30.44712, -91.18544)"
C-117,CITY,NORTH BLVD,19TH ST,30.44772,-91.16922,"(30.44772, -91.16922)"
C-118,CITY,NORTH BLVD,EUGENE ST,30.44804,-91.16051,"(30.44804, -91.16051)"
C-120,CITY,NORTH BLVD,PEACHTREE BLVD,30.44827,-91.15236,"(30.44827, -91.15236)"
C-122,CITY,NORTH ST,4TH ST,30.45251,-91.18718,"(30.45251, -91.18718)"
C-123,CITY,NORTH ST,5TH ST,30.45255,-91.18592,"(30.45255, -91.18592)"
C-124,CITY,NORTH ST,6TH ST,30.45259,-91.1848,"(30.45259, -91.1848)"
C-125,CITY,NORTH ST,19TH ST,30.45302,-91.16944,"(30.45302, -91.16944)"
C-127,CITY,NORTH ST,39TH ST,30.45357,-91.15102,"(30.45357, -91.15102)"
C-128,CITY,NORTH ST,EUGENE ST,30.45329,-91.16104,"(30.45329, -91.16104)"
C-129,CITY,NORTH ST,LAFAYETTE ST,30.45246,-91.18955,"(30.45246, -91.18955)"
C-130,CITY,NORTH ST,3RD ST,30.45251,-91.18837,"(30.45251, -91.18837)"
C-131,CITY,NORTH ST,TURNER PLAZA,30.45382,-91.14274,"(30.45382, -91.14274)"
C-133,CITY,PERKINS RD,PARK BLVD,30.43798,-91.16885,"(30.43798, -91.16885)"
C-134,CITY,PARK BLVD,TERRACE ST,30.43662,-91.16881,"(30.43662, -91.16881)"
C-135,CITY,PERKINS RD,BROUSSARD ST  / MAGNOLIA AVE,30.43571,-91.16745,"(30.43571, -91.16745)"
C-137,CITY,PRESCOTT RD,E BROOKSTOWN RD,30.48844,-91.12821,"(30.48844, -91.12821)"
C-138,CITY,SHARP RD,MOLLYLEA DR,30.45259,-91.07151,"(30.45259, -91.07151)"
C-139,CITY,SHERWOOD FOREST BLVD,N HARRELL'S FERRY RD,30.43277,-91.05738,"(30.43277, -91.05738)"
C-140,CITY,SHERWOOD FOREST BLVD,COURSEY BLVD,30.41113,-91.05151,"(30.41113, -91.05151)"
C-141,CITY,SHERWOOD FOREST BLVD,LAKE SHERWOOD AVE N,30.41744,-91.0516,"(30.41744, -91.0516)"
C-142,CITY,SHERWOOD FOREST BLVD,NEWCASTLE AVE,30.42027,-91.05156,"(30.42027, -91.05156)"
C-145,CITY,SOUTH BLVD,EDDIE ROBINSON DR,30.43969,-91.17553,"(30.43969, -91.17553)"
C-146,CITY,STANFORD AVE,HYACINTH ST / E LAKESHORE DR,30.4145,-91.15769,"(30.4145, -91.15769)"
C-147,CITY,STANFORD AVE,MORNING GLORY AVE,30.41686,-91.1555,"(30.41686, -91.1555)"
C-148,CITY,STARING LN,HYACINTH ST,30.38553,-91.11259,"(30.38553, -91.11259)"
C-150,CITY,THOMAS DELPIT DR,BUCHANAN ST,30.42503,-91.17674,"(30.42503, -91.17674)"
C-151,CITY,THOMAS DELPIT DR,LOUISE ST,30.43421,-91.1788,"(30.43421, -91.1788)"
C-153,CITY,THOMAS DELPIT DR,POLK ST,30.42699,-91.1768,"(30.42699, -91.1768)"
C-154,CITY,THOMAS DELPIT DR,TERRACE ST,30.43631,-91.18011,"(30.43631, -91.18011)"
C-155,CITY,THOMAS DELPIT DR,WASHINGTON ST,30.4311,-91.17696,"(30.4311, -91.17696)"
C-156,CITY,WINBOURNE AVE,38TH ST,30.47846,-91.15286,"(30.47846, -91.15286)"
C-157,CITY,WINBOURNE AVE,DOUGHERTY DR,30.47909,-91.13558,"(30.47909, -91.13558)"
C-159,CITY,WINBOURNE AVE,VICTORIA DR,30.47974,-91.11759,"(30.47974, -91.11759)"
C-160,CITY,TOM DR,WOODDALE BLVD,30.4632,-91.11178,"(30.4632, -91.11178)"
C-161,CITY,CHOCTAW DR,AIRWAY DR,30.47131,-91.09887,"(30.47131, -91.09887)"
C-162,CITY,CHOCTAW DR,FLANNERY RD,30.4721,-91.03409,"(30.4721, -91.03409)"
C-164,CITY,SULLIVAN RD,LOVETT RD,30.52154,-91.02784,"(30.52154, -91.02784)"
C-169,CITY,O'NEAL LN,GEORGE O'NEAL RD,30.40749,-91.00861,"(30.40749, -91.00861)"
C-175,CITY,HIGHLAND RD,KENILWORTH PKWY,30.37784,-91.13808,"(30.37784, -91.13808)"
C-176,CITY,SHERWOOD FOREST BLVD,CATALINA AVE,30.48402,-91.05858,"(30.48402, -91.05858)"
C-177,CITY,COURSEY BLVD,HICKORY RIDGE BLVD,30.40812,-91.02596,"(30.40812, -91.02596)"
C-179,CITY,E AIRPORT AVE,INDEPENDENCE BLVD,30.44558,-91.10218,"(30.44558, -91.10218)"
C-182,CITY,BLUEBONNET BLVD,GAIL DR,30.40047,-91.08414,"(30.40047, -91.08414)"
C-183,CITY,BLUEBONNET BLVD,BLUE CROSS PKWY,30.39764,-91.08441,"(30.39764, -91.08441)"
C-184,CITY,INDUSTRIPLEX BLVD,EXCHEQUER DR,30.38427,-91.04799,"(30.38427, -91.04799)"
C-186,CITY,CORPORATE BLVD,ENERGY DR,30.42494,-91.13203,"(30.42494, -91.13203)"
C-187,CITY,JONES CREEK RD,TIGER BEND RD,30.39143,-91.01855,"(30.39143, -91.01855)"
C-189,CITY,CORTANA PL,AIRWAY DR,30.46059,-91.09522,"(30.46059, -91.09522)"
C-037,CITY,FLORLINE BLVD,CORTANA PL,30.45817,-91.09687,"(30.45817, -91.09687)"
C-038,CITY,COURSEY BLVD,CEDARCREST AVE,30.41752,-91.06761,"(30.41752, -91.06761)"
C-039,CITY,COURSEY BLVD,JONES CREEK RD,30.40853,-91.01605,"(30.40853, -91.01605)"
C-040,CITY,COURSEY BLVD,STUMBERG LN,30.41013,-91.03601,"(30.41013, -91.03601)"
C-041,CITY,DALRYMPLE DR,MAY ST,30.42259,-91.16915,"(30.42259, -91.16915)"
C-042,CITY,DALRYMPLE DR,STATE ST,30.41944,-91.17142,"(30.41944, -91.17142)"
C-043,CITY,MYRTLE ST,EDDIE ROBINSON DR,30.43838,-91.17549,"(30.43838, -91.17549)"
C-045,CITY,EUGENE ST,BROUSSARD ST,30.43589,-91.15961,"(30.43589, -91.15961)"
C-047,CITY,EVANGELINE ST,MC CLELLAND DR,30.49331,-91.13503,"(30.49331, -91.13503)"
C-048,CITY,FAIRFIELDS ST,38TH ST,30.46716,-91.15234,"(30.46716, -91.15234)"
C-050,CITY,GOODWOOD BLVD,FLANNERY RD,30.44858,-91.03497,"(30.44858, -91.03497)"
C-051,CITY,FOSTER DR,CHOCTAW DR,30.47058,-91.14004,"(30.47058, -91.14004)"
C-052,CITY,FOSTER DR,EVANGELINE ST,30.49318,-91.14061,"(30.49318, -91.14061)"
C-053,CITY,FOSTER DR,FAIRFIELDS AVE,30.46775,-91.13978,"(30.46775, -91.13978)"
C-054,CITY,FOSTER DR,HOLLYWOOD ST,30.49966,-91.14107,"(30.49966, -91.14107)"
C-055,CITY,FOSTER DR,PRESCOTT RD,30.48757,-91.14039,"(30.48757, -91.14039)"
C-056,CITY,FOSTER DR,WINBOURNE AVE,30.47888,-91.14062,"(30.47888, -91.14062)"
C-057,CITY,FOSTER DR,CLAYCUT RD,30.44136,-91.13824,"(30.44136, -91.13824)"
C-058,CITY,FUQUA ST,19TH ST,30.45727,-91.16966,"(30.45727, -91.16966)"
C-059,CITY,SCENIC HWY,FUQUA ST,30.45734,-91.16743,"(30.45734, -91.16743)"
C-060,CITY,GLEN OAKS AVE,SILVERLEAF AVE,30.51033,-91.12528,"(30.51033, -91.12528)"
C-061,CITY,GOODWOOD BLVD,E AIRPORT AVE,30.44248,-91.10202,"(30.44248, -91.10202)"
C-062,CITY,GOODWOOD BLVD,CHEVELLE AVE,30.44259,-91.09851,"(30.44259, -91.09851)"
C-063,CITY,GOODWOOD BLVD,LOBDELL AVE,30.44216,-91.11073,"(30.44216, -91.11073)"
C-064,CITY,GOODWOOD BLVD,SHARP RD,30.4449,-91.06807,"(30.4449, -91.06807)"
C-065,CITY,GOODWOOD BLVD,TARA BLVD,30.44267,-91.09598,"(30.44267, -91.09598)"
C-066,CITY,GOODWOOD BLVD,SHERWOOD FOREST BLVD,30.44851,-91.05811,"(30.44851, -91.05811)"
C-067,CITY,GOVERNMENT ST,ARDENWOOD AVE,30.44481,-91.12721,"(30.44481, -91.12721)"
C-068,CITY,GOVERNMENT ST,LOBDELL AVE / INDEPENDENCE BLVD,30.44524,-91.11164,"(30.44524, -91.11164)"
C-069,CITY,GREENWELL ST,SILVERLEAF AVE,30.50243,-91.1253,"(30.50243, -91.1253)"
C-001,CITY,ACADIAN THWY E,CHOCTAW DR,30.47013,-91.15544,"(30.47013, -91.15544)"
C-002,CITY,ACADIAN THWY E,FAIRFIELDS AVE,30.46706,-91.15534,"(30.46706, -91.15534)"
C-003,CITY,ACADIAN THWY,GUS YOUNG AVE,30.46252,-91.15534,"(30.46252, -91.15534)"
C-004,CITY,ACADIAN THWY E,WASHINGTON AVE,30.46512,-91.15527,"(30.46512, -91.15527)"
C-005,CITY,ACADIAN THWY W,CHOCTAW DR,30.47006,-91.15638,"(30.47006, -91.15638)"
C-006,CITY,ACADIAN THWY W,FAIRFIELDS AVE,30.46703,-91.15633,"(30.46703, -91.15633)"
C-008,CITY,ACADIAN THWY,MOHICAN ST,30.48451,-91.15671,"(30.48451, -91.15671)"
C-009,CITY,ACADIAN THWY,NORTH ST,30.45347,-91.15481,"(30.45347, -91.15481)"
C-010,CITY,ACADIAN THWY,WINBOURNE AVE,30.47836,-91.1565,"(30.47836, -91.1565)"
C-011,CITY,ACADIAN THWY,NORTH BLVD,30.4482,-91.15471,"(30.4482, -91.15471)"
C-012,CITY,ARDENWOOD DR,HARRY DR,30.4568,-91.12757,"(30.4568, -91.12757)"
C-013,CITY,ARDENWOOD DR,RENOIR AVE,30.4609,-91.12778,"(30.4609, -91.12778)"
C-014,CITY,ARDENWOOD DR,WINBOURNE AVE,30.4792,-91.13031,"(30.4792, -91.13031)"
C-016,CITY,CHOCTAW DR,38TH ST,30.47027,-91.15244,"(30.47027, -91.15244)"
C-017,CITY,CHOCTAW DR,ARDENWOOD AVE,30.47088,-91.13021,"(30.47088, -91.13021)"
C-018,CITY,CHOCTAW DR,LOBDELL BLVD,30.47106,-91.12268,"(30.47106, -91.12268)"
C-019,CITY,CHOCTAW DR,MONTERREY BLVD,30.4717,-91.08474,"(30.4717, -91.08474)"
C-020,CITY,CHOCTAW DR,SHERWOOD FOREST BLVD,30.47242,-91.05804,"(30.47242, -91.05804)"
C-021,CITY,CHOCTAW DR,SORREL AVE,30.46942,-91.18097,"(30.46942, -91.18097)"
C-022,CITY,CHOCTAW DR,WOODDALE BLVD,30.4709,-91.11599,"(30.4709, -91.11599)"
C-023,CITY,COLLEGE DR,BENNINGTON AVE / RABEY ST,30.42099,-91.14055,"(30.42099, -91.14055)"
C-025,CITY,COLLEGE DR,CONCORD AVE,30.4185,-91.14184,"(30.4185, -91.14184)"
C-026,CITY,COLLEGE DR,CORPORATE BLVD,30.42584,-91.13775,"(30.42584, -91.13775)"
C-027,CITY,COLLEGE DR,FOSTER DR,30.43652,-91.13192,"(30.43652, -91.13192)"
C-028,CITY,COLLEGE DR,WEBB PARK,30.43557,-91.13335,"(30.43557, -91.13335)"
C-029,CITY,COLLEGE DR,WOODSIDE DR,30.43094,-91.13521,"(30.43094, -91.13521)"
C-030,CITY,CONVENTION ST,4TH ST,30.44825,-91.18699,"(30.44825, -91.18699)"
C-031,CITY,CONVENTION ST,5TH ST,30.44827,-91.18577,"(30.44827, -91.18577)"
C-032,CITY,CONVENTION ST,6TH ST,30.44831,-91.18468,"(30.44831, -91.18468)"
C-035,CITY,CONVENTION ST,LAFAYETTE ST,30.4482,-91.1894,"(30.4482, -91.1894)"
C-036,CITY,CONVENTION ST,3RD ST,30.44823,-91.18824,"(30.44823, -91.18824)"
C-070,CITY,GUS YOUNG AVE,38TH ST,30.46262,-91.15217,"(30.46262, -91.15217)"
C-071,CITY,GUS YOUNG AVE,46TH ST,30.46211,-91.14363,"(30.46211, -91.14363)"
C-073,CITY,HIGHLAND RD,S CAMPUS DR,30.41152,-91.17616,"(30.41152, -91.17616)"
C-074,CITY,HIGHLAND RD,CHIMES ST,30.41721,-91.17642,"(30.41721, -91.17642)"
C-075,CITY,HIGHLAND RD,DALRYMPLE DR,30.41579,-91.17636,"(30.41579, -91.17636)"
C-076,CITY,HIGHLAND RD,ASTER ST,30.41985,-91.17731,"(30.41985, -91.17731)"
C-077,CITY,HIGHLAND RD,LEE DR,30.39382,-91.15972,"(30.39382, -91.15972)"
C-078,CITY,HIGHLAND RD,LSU AVE,30.40224,-91.1705,"(30.40224, -91.1705)"
C-079,CITY,HIGHLAND RD,MC KINLEY ST,30.42378,-91.17911,"(30.42378, -91.17911)"
C-080,CITY,HIGHLAND RD,PARKER BLVD,30.40457,-91.17355,"(30.40457, -91.17355)"
C-081,CITY,HIGHLAND RD,RAPHAEL SEMMES RD,30.41333,-91.17624,"(30.41333, -91.17624)"
C-082,CITY,HIGHLAND RD,ROOSEVELT ST,30.42179,-91.17818,"(30.42179, -91.17818)"
C-083,CITY,HIGHLAND RD,SOUTH BLVD / SAINT FERDINAND ST,30.44337,-91.18652,"(30.44337, -91.18652)"
C-084,CITY,HIGHLAND RD,S STADIUM RD,30.40901,-91.17604,"(30.40901, -91.17604)"
C-085,CITY,HIGHLAND RD,STARING LN,30.36897,-91.12293,"(30.36897, -91.12293)"
C-086,CITY,HIGHLAND RD,STATE ST,30.41819,-91.17659,"(30.41819, -91.17659)"
C-088,CITY,HIGHLAND RD,TERRACE ST,30.43619,-91.18521,"(30.43619, -91.18521)"
C-089,CITY,HIGHLAND RD,WASHINGTON ST,30.43094,-91.18267,"(30.43094, -91.18267)"
C-090,CITY,HOLLYWOOD ST,MC CLELLAND DR,30.49985,-91.13524,"(30.49985, -91.13524)"
C-091,CITY,JONES CREEK RD,SHENANDOAH AVE,30.39718,-91.01762,"(30.39718, -91.01762)"
C-092,CITY,JOOR RD,CORE LN,30.57616,-91.0476,"(30.57616, -91.0476)"
C-098,CITY,LAUREL ST,LAFAYETTE ST,30.45038,-91.18946,"(30.45038, -91.18946)"
C-100,CITY,LEE DR,HYACINTH ST,30.40971,-91.14756,"(30.40971, -91.14756)"
S-142,STATE,FLORIDA ST,7TH ST,30.44945,-91.18341,"(30.44945, -91.18341)"
S-143,STATE,LAUREL ST,10TH ST,30.4506,-91.17981,"(30.4506, -91.17981)"
S-144,STATE,LAUREL ST,9TH ST,30.45059,-91.18093,"(30.45059, -91.18093)"
S-146,STATE,LA 19,ROSENWALD RD,30.53144,-91.17914,"(30.53144, -91.17914)"
S-148,STATE,PLANK RD,HARDING BLVD,30.52173,-91.14531,"(30.52173, -91.14531)"
S-150,STATE,CONVENTION ST,10TH ST,30.4485,-91.17981,"(30.4485, -91.17981)"
